train_loss,epoch,step,val_loss
0.034896206110715866,0,49,
0.030710531398653984,0,99,
0.024514006450772285,0,149,
0.023529302328824997,0,199,
0.0241397712379694,0,249,
0.02432171069085598,0,299,
0.019873686134815216,0,349,
0.02503713220357895,0,399,
0.02176233008503914,0,449,
0.026035811752080917,0,499,
0.02163727395236492,0,549,
0.020845534279942513,0,599,
0.022657141089439392,0,649,
0.022492770105600357,0,699,
,0,703,0.022130779922008514
