train_loss,epoch,step,val_loss
0.08933992683887482,0,49,
0.06712262332439423,0,99,
0.04445864260196686,0,149,
0.03182080015540123,0,199,
0.030398158356547356,0,249,
0.027349699288606644,0,299,
0.02806483954191208,0,349,
0.027073422446846962,0,399,
0.024800706654787064,0,449,
0.021966053172945976,0,499,
0.0274567399173975,0,549,
0.024555735290050507,0,599,
0.023552080616354942,0,649,
0.019865473732352257,0,699,
,0,703,0.023490723222494125
