train_loss,epoch,step,val_loss
0.05330416560173035,0,49,
0.03635561838746071,0,99,
0.03388764336705208,0,149,
0.02737181819975376,0,199,
0.027484338730573654,0,249,
0.024493949487805367,0,299,
0.023108458146452904,0,349,
0.02368786185979843,0,399,
0.018511801958084106,0,449,
0.020844899117946625,0,499,
0.018478745594620705,0,549,
0.019689301028847694,0,599,
0.01783859170973301,0,649,
0.017191709950566292,0,699,
,0,703,0.01874035969376564
