train_loss,epoch,step,val_loss
0.15665242075920105,0,49,
0.08066301792860031,0,99,
0.03707701340317726,0,149,
0.020935701206326485,0,199,
0.014802997931838036,0,249,
0.011748070828616619,0,299,
0.00909096747636795,0,349,
0.007830366492271423,0,399,
0.006893760059028864,0,449,
0.006095546763390303,0,499,
0.005402905400842428,0,549,
0.0046623931266367435,0,599,
0.004219174385070801,0,649,
0.003979224245995283,0,699,
,0,703,0.003992544952780008
