train_loss,epoch,step
0.061011966317892075,0,49
0.04149492457509041,0,99
0.0326518714427948,0,149
0.025930125266313553,0,199
0.02510860003530979,0,249
0.02443322353065014,0,299
0.021964706480503082,0,349
0.02138640359044075,0,399
