train_loss,epoch,step,val_loss
0.0766032263636589,0,49,
0.04120180383324623,0,99,
0.03020850196480751,0,149,
0.025725385174155235,0,199,
0.02155495434999466,0,249,
0.019050370901823044,0,299,
0.016735317185521126,0,349,
0.014905905351042747,0,399,
0.013531140051782131,0,449,
0.012176213786005974,0,499,
0.010786240920424461,0,549,
0.011425956152379513,0,599,
0.010926441289484501,0,649,
0.010294025763869286,0,699,
,0,703,0.009893427602946758
