train_loss,epoch,step,val_loss
0.24993816018104553,0,49,
0.23302167654037476,0,99,
0.2321588099002838,0,149,
0.2313731461763382,0,199,
0.2310423105955124,0,249,
0.23052985966205597,0,299,
0.23137640953063965,0,349,
0.23035629093647003,0,399,
0.23081037402153015,0,449,
0.23125667870044708,0,499,
0.23104242980480194,0,549,
0.23139096796512604,0,599,
0.23094269633293152,0,649,
0.23217253386974335,0,699,
,0,703,0.23144777119159698
