train_loss,epoch,step,val_loss
0.05771932750940323,0,49,
0.039366550743579865,0,99,
0.028372708708047867,0,149,
0.021665634587407112,0,199,
0.018428325653076172,0,249,
0.016595372930169106,0,299,
0.015581496059894562,0,349,
0.01408418733626604,0,399,
0.013961955904960632,0,449,
0.01220658328384161,0,499,
0.012116617523133755,0,549,
0.012297865003347397,0,599,
0.011629177257418633,0,649,
0.011258098296821117,0,699,
,0,703,0.010837683454155922
