train_loss,epoch,step,val_loss
0.06148624047636986,0,49,
0.04310086742043495,0,99,
0.03594071418046951,0,149,
0.029854128137230873,0,199,
0.025876305997371674,0,249,
0.024813657626509666,0,299,
0.02486528269946575,0,349,
0.02413700520992279,0,399,
0.022046905010938644,0,449,
0.021134886890649796,0,499,
0.02008894830942154,0,549,
0.01955355517566204,0,599,
0.019274650141596794,0,649,
0.01952892169356346,0,699,
,0,703,0.0190403014421463
