train_loss,epoch,step,val_loss
0.061274848878383636,0,49,
0.03494690731167793,0,99,
0.02587038092315197,0,149,
0.024388512596488,0,199,
0.020702503621578217,0,249,
0.018167812377214432,0,299,
0.017063548788428307,0,349,
0.016467977315187454,0,399,
0.015398426912724972,0,449,
0.01558698620647192,0,499,
0.014309244230389595,0,549,
0.013722025789320469,0,599,
0.014865276403725147,0,649,
0.013502567075192928,0,699,
,0,703,0.013453884050250053
