train_loss,epoch,step,val_loss
0.057237476110458374,0,49,
0.04224834218621254,0,99,
0.03229435533285141,0,149,
0.030510108917951584,0,199,
0.026935793459415436,0,249,
0.02417685277760029,0,299,
0.02486332319676876,0,349,
0.02179689332842827,0,399,
0.020161477848887444,0,449,
0.022885650396347046,0,499,
0.017512289807200432,0,549,
0.01909313164651394,0,599,
0.017909882590174675,0,649,
0.018020059913396835,0,699,
,0,703,0.0187526885420084
