train_loss,epoch,step,val_loss
0.05968219041824341,0,49,
0.03989095240831375,0,99,
0.036466941237449646,0,149,
0.029719660058617592,0,199,
0.02789052575826645,0,249,
0.025675242766737938,0,299,
0.027856726199388504,0,349,
0.026046032086014748,0,399,
0.023392869159579277,0,449,
0.023787040263414383,0,499,
0.022868769243359566,0,549,
0.02088317833840847,0,599,
0.021928032860159874,0,649,
0.019150935113430023,0,699,
,0,703,0.020731279626488686
