train_loss,epoch,step,val_loss
0.11124247312545776,0,49,
0.11750110238790512,0,99,
0.11295947432518005,0,149,
0.10199368000030518,0,199,
0.11141097545623779,0,249,
0.11084652692079544,0,299,
0.11188726872205734,0,349,
0.11063439399003983,0,399,
0.12045920640230179,0,449,
0.10399901866912842,0,499,
0.10849399119615555,0,549,
0.10708318650722504,0,599,
0.11203426867723465,0,649,
0.11223452538251877,0,699,
,0,703,0.11187705397605896
