train_loss,epoch,step,val_loss
0.05924093350768089,0,49,
0.04321146011352539,0,99,
0.03048267401754856,0,149,
0.03120284713804722,0,199,
0.024056991562247276,0,249,
0.026980815455317497,0,299,
0.023333054035902023,0,349,
0.019875135272741318,0,399,
0.020984377712011337,0,449,
0.019790247082710266,0,499,
0.021575650200247765,0,549,
0.022443627938628197,0,599,
0.016173457726836205,0,649,
0.019612958654761314,0,699,
,0,703,0.019261401146650314
