train_loss,epoch,step,val_loss
0.04793475568294525,0,49,
0.029664456844329834,0,99,
0.027334420010447502,0,149,
0.023865854367613792,0,199,
0.02397383749485016,0,249,
0.023616209626197815,0,299,
0.021896706894040108,0,349,
0.021713847294449806,0,399,
0.020491452887654305,0,449,
0.022675873711705208,0,499,
0.02328513003885746,0,549,
0.020604224875569344,0,599,
0.020212823525071144,0,649,
0.020513001829385757,0,699,
,0,703,0.020318280905485153
