train_loss,epoch,step
0.07346214354038239,0,49
0.06438856571912766,0,99
0.05437249317765236,0,149
0.048623375594615936,0,199
0.0453396812081337,0,249
