train_loss,epoch,step,val_loss
0.06108469516038895,0,49,
0.04489652067422867,0,99,
0.03785579651594162,0,149,
0.03203854337334633,0,199,
0.0326017327606678,0,249,
0.027601053938269615,0,299,
0.025963885709643364,0,349,
0.02494802512228489,0,399,
0.02274509146809578,0,449,
0.022304996848106384,0,499,
0.022363774478435516,0,549,
0.019861560314893723,0,599,
0.021193187683820724,0,649,
0.020560462027788162,0,699,
,0,703,0.021176716312766075
