train_loss,epoch,step,val_loss
0.2365330308675766,0,49,
0.23103441298007965,0,99,
0.2295549064874649,0,149,
0.22836808860301971,0,199,
0.22602479159832,0,249,
0.22395694255828857,0,299,
0.22474132478237152,0,349,
0.22220805287361145,0,399,
0.22318656742572784,0,449,
0.21949675679206848,0,499,
0.22095076739788055,0,549,
0.2197682410478592,0,599,
0.21818172931671143,0,649,
0.21919870376586914,0,699,
,0,703,0.2193499505519867
