train_loss,epoch,step,val_loss
0.05829784646630287,0,49,
0.044426329433918,0,99,
0.037453923374414444,0,149,
0.031245002523064613,0,199,
0.032178767025470734,0,249,
0.02843732200562954,0,299,
0.029979253187775612,0,349,
0.02780432254076004,0,399,
0.02628360129892826,0,449,
0.03027654066681862,0,499,
0.026287900283932686,0,549,
0.02603423222899437,0,599,
0.02593596652150154,0,649,
0.028512267395853996,0,699,
,0,703,0.026405639946460724
